File_name,Observed_steering_angle(Ground_truth),Predicted_steering_angle
1479425660520892175.jpg,-0.779018410775,.1800055
1479425660570900959.jpg,-0.827020099679,.2833689
1479425660620933516.jpg,-0.861819820632,.2710581
